Stress Volt/mm,Test Time (min)
185.1851852,10
370.3703704,10
555.5555556,10
740.7407407,10
962.962963,15
1055.555556,15
1148.148148,15
1237.037037,15
1333.333333,15
1425.925926,15
1518.518519,15
1611.111111,15
1703.703704,15
1796.296296,15
