Stress Volt/mm,Test Time (min)
169.4915254,10
338.9830508,10
508.4745763,10
677.9661017,10
881.3559322,60
966.1016949,60
1050.847458,60
1132.20339,60
1220.338983,60
1305.084746,60
1389.830508,60
1474.576271,60
1559.322034,60
1644.067797,60
