Stress Volt/mm,Test Time (min)
166.6666667,10
333.3333333,10
500,10
666.6666667,10
866.6666667,960
950,960
1033.333333,960
1113.333333,960
1200,960
1283.333333,960
1366.666667,960
1450,960
1533.333333,960
1616.666667,960
