Total Time to Failure (min),Censored,Stress (V/mm)
423.0270226,1,1389.830508
423,0,1464.285714
