Cycles-to-Failure,Censored,Shear Stress Ratio
2530,1,0.535714286
3400,1,0.535714286
3580,1,1.071428571
3600,1,1.071428571
3600,1,1.071428571
3650,1,1.071428571
3699,0,1.071428571
3699,0,1.071428571
3699,0,1.071428571
3699,0,1.071428571
