Stress Volt/mm,Test Time (min)
178.5714286,10
357.1428571,10
535.7142857,10
714.2857143,10
928.5714286,60
1017.857143,60
1107.142857,60
1192.857143,60
1285.714286,60
1375,60
1464.285714,60
1553.571429,60
1642.857143,60
1732.142857,60
