Shear Stress Ratio,Test Cycles
0.178571429,2500
0.535714286,1000
1.071428571,200
