Cycles-to-Failure,Censored,Shear Stress Ratio
2800,1,0.535714286
3100,1,0.535714286
3300,1,0.535714286
3520,1,1.071428571
3600,1,1.071428571
3660,1,1.071428571
3700,0,1.071428571
