Total Time to Failure (min),Censored,Stress (V/mm)
1398.071091,1,950
2691.732896,1,1033.333333
2000,1,1033.333333
2000,0,1033.333333
2149.568607,1,1033.333333
1429.672418,1,950
1502.662735,1,950
1440.850528,1,950
3349.069568,1,1113.333333
3349.1,0,1113.333333
