Total Time to Failure (min),Censored,Stress (V/mm)
1401.471778,1,1327.586207
1261.723792,1,1327.586207
1419.392378,1,1327.586207
1364.244492,1,1327.586207
