Stress Volt/mm,Test Time (min)
172.4137931,10
344.8275862,10
517.2413793,10
689.6551724,10
896.5517241,240
982.7586207,240
1068.965517,240
1151.724138,240
1241.37931,240
1327.586207,240
1413.793103,240
1500,240
1586.206897,240
1672.413793,240
