Total Time to Failure (min),Censored,Stress (V/mm)
114,1,1333.333333
119.3828086,1,1425.925926
116,1,1425.925926
117.3425605,1,1425.925926
